{
  "ABIRoot": {
    "kind": "Root",
    "name": "TopLevel",
    "printedName": "TopLevel",
    "children": [
      {
        "kind": "Import",
        "name": "Foundation",
        "printedName": "Foundation",
        "declKind": "Import",
        "moduleName": "FormatterHelper",
        "declAttributes": [
          "RawDocComment"
        ]
      }
    ],
    "json_format_version": 8
  },
  "ConstValues": [
    {
      "filePath": "\/Users\/thulanimtetwa\/Documents\/FormatterHelper\/FormatterHelper\/HexFormatter.swift",
      "kind": "StringLiteral",
      "offset": 207,
      "length": 24,
      "value": "\"0123456789ABCDEFabcdef\""
    }
  ]
}